event_id,report_uid,time_utc,time_local,type_code,type,magnitude,location,county,state,ugc,ugc_name,wfo,source,remark,lat,lon,x_utm12n,y_utm12n,selection
2014-08-19,2014-08-19-010,2014-08-19 13:58,2014-08-19 06:58,E,FLOOD,,1 ENE LAVEEN,MARICOPA,AZ,AZC013,Maricopa,PSR,TRAINED SPOTTER,ONE EIGHTH TO ONE QUARTER INCH OF WATER ON I-17 AT DURAGO CURVE,33.43,-112.11,396811.8,3699509.1,rule
2014-08-19,2014-08-19-012,2014-08-19 14:04,2014-08-19 07:04,E,FLOOD,,1 ENE NORTH MOUNTAIN PA,MARICOPA,AZ,AZC013,Maricopa,PSR,TRAINED SPOTTER,CURB-TO-CURB FLOODING ON I-17 AND DAISY.,33.59,-112.05,402569.3,3717191.5,rule
2014-08-19,2014-08-19-016,2014-08-19 14:17,2014-08-19 07:17,E,FLOOD,,3 N METRO CENTER,MARICOPA,AZ,AZC013,Maricopa,PSR,BROADCAST MEDIA,UNDERPASS FLOODED AT GREENWAY AND I-17,33.63,-112.12,396121.6,3721694.7,rule
2014-08-19,2014-08-19-018,2014-08-19 14:26,2014-08-19 07:26,F,FLASH FLOOD,,3 NNW NORTH MOUNTAIN PA,MARICOPA,AZ,AZC013,Maricopa,PSR,TRAINED SPOTTER,SPOTTER REPORTED VIA TEXT MESSAGE 3 FEET OF WATER IN CAVE CREEK WASH NEAR INTERSECTION OF 7TH AVE AND CORAL GABLES DR.,33.63,-112.08,399831.7,3721655.2,rule
2014-08-19,2014-08-19-021,2014-08-19 14:31,2014-08-19 07:31,E,FLOOD,,5 WSW DESERT RIDGE MARK,MARICOPA,AZ,AZC013,Maricopa,PSR,TRAINED SPOTTER,LOW WATER CROSSINGS FLOODED.,33.65,-112.05,402636.8,3723844.2,rule
2014-08-19,2014-08-19-033,2014-08-19 19:18,2014-08-19 12:18,F,FLASH FLOOD,,4 S DESERT RIDGE MARKET,MARICOPA,AZ,AZC013,Maricopa,PSR,TRAINED SPOTTER,51 AND BELL ROAD REPORTS 1 INCH RAINFALL IN 14 MINUTES.,33.62,-111.98,409096.4,3720454.1,rule
2015-08-31,2015-08-31-065,2015-09-01 03:04,2015-08-31 20:04,E,FLOOD,,1 NE DOWNTOWN PHOENIX,MARICOPA,AZ,AZC013,Maricopa,PSR,PUBLIC,4 INCHES OF WATER ON I-10 AT 7TH ST.,33.46,-112.06,401494.0,3702786.9,reviewed
2015-08-31,2015-08-31-077,2015-09-01 03:20,2015-08-31 20:20,E,FLOOD,,1 NNE DOWNTOWN PHOENIX,MARICOPA,AZ,AZC013,Maricopa,PSR,BROADCAST MEDIA,DECK PARK TUNNEL FLOODED. NUMEROUS DRIVERS STRANDED IN TUNNEL,33.46,-112.07,400564.7,3702796.4,reviewed
2015-08-31,2015-08-31-078,2015-09-01 03:25,2015-08-31 20:25,E,FLOOD,,2 W PAPAGO PARK,MARICOPA,AZ,AZC013,Maricopa,PSR,BROADCAST MEDIA,DRIVER STRANDED DUE TO FLOODING 48TH ST AND VAN BUREN,33.45,-111.98,408918.3,3701605.2,reviewed
2015-08-31,2015-08-31-082,2015-09-01 03:31,2015-08-31 20:31,E,FLOOD,,4 NNW SKY HARBOR AIRPOR,MARICOPA,AZ,AZC013,Maricopa,PSR,PUBLIC,CURB TO CURB STREET FLOODING AT 22ND ST AND OSBORN RD,33.49,-112.03,404315.0,3706085.1,reviewed
2018-07-09,2018-07-09-073,2018-07-10 00:02,2018-07-09 17:02,E,FLOOD,,4 NNE PHOENIX,MARICOPA,AZ,AZC013,Maricopa,PSR,TRAINED SPOTTER,STREET FLOODING WITH WATER OVER THE CURBS AND REACHING SOME YARDS NEAR 16TH ST. AND INDIAN SCHOOL RD.,33.49,-112.05,402457.0,3706103.7,reviewed
2018-07-09,2018-07-09-074,2018-07-10 00:03,2018-07-09 17:03,E,FLOOD,,2 NE PHOENIX,MARICOPA,AZ,AZC013,Maricopa,PSR,PUBLIC,WATER OVER 3 INCHES DEEP FLOWING OVER SIDEWALKS INTO YARDS.,33.47,-112.04,403363.8,3703876.9,reviewed
2018-07-09,2018-07-09-079,2018-07-10 00:19,2018-07-09 17:19,E,FLOOD,,PHOENIX,MARICOPA,AZ,AZC013,Maricopa,PSR,TRAINED SPOTTER,CURB TO CURB FLOODING NEAR PHOENIX CITY HALL.,33.45,-112.08,399623.8,3701697.3,reviewed
2018-10-02,2018-10-02-003,2018-10-02 14:32,2018-10-02 07:32,F,FLASH FLOOD,,5 NE GLENDALE,MARICOPA,AZ,AZC013,Maricopa,PSR,DEPT OF HIGHWAYS,ADOT REPORTS A ROAD CLOSURE AT I-17 AND PEORIA: UNDERPASS IS FLOODING.,33.58,-112.12,396061.6,3716150.7,reviewed
2018-10-02,2018-10-02-008,2018-10-02 15:06,2018-10-02 08:06,F,FLASH FLOOD,,3 NNE TOLLESON,MARICOPA,AZ,AZC013,Maricopa,PSR,BROADCAST MEDIA,DESERT HORIZON ELEMENTARY SCHOOL CLOSED DUE TO SEVERE FLOODING. SCHOOL IS LOCATED NEAR 83RD AVENUE AND INDIAN SCHOOL ROAD.,33.49,-112.24,384805.3,3706298.4,reviewed
2018-10-02,2018-10-02-016,2018-10-02 16:30,2018-10-02 09:30,F,FLASH FLOOD,,3 SSE DEER VALLEY,MARICOPA,AZ,AZC013,Maricopa,PSR,BROADCAST MEDIA,CAR SUBMERGED IN FLOODED WASH_ DRIVER RESCUED BY PHOENIX FD.,33.63,-112.08,399831.7,3721655.2,reviewed
2018-10-02,2018-10-02-020,2018-10-02 17:15,2018-10-02 10:15,F,FLASH FLOOD,,5 S PHOENIX,MARICOPA,AZ,AZC013,Maricopa,PSR,EMERGENCY MNGR,PHOENIX PD REPORTS BASELINE RD AT 7TH ST CLOSED DUE TO FLOODING.,33.38,-112.06,401403.6,3693916.9,reviewed
2018-10-02,2018-10-02-021,2018-10-02 17:16,2018-10-02 10:16,F,FLASH FLOOD,,2 W PARADISE VALLEY,MARICOPA,AZ,AZC013,Maricopa,PSR,EMERGENCY MNGR,CITY OF PARADISE VALLEY REPORTS NUMEROUS STREET CLOSURES DUE TO FLOODING.,33.53,-111.98,409002.0,3710475.2,reviewed
2018-10-02,2018-10-02-022,2018-10-02 17:18,2018-10-02 10:18,F,FLASH FLOOD,,2 NW PHOENIX,MARICOPA,AZ,AZC013,Maricopa,PSR,BROADCAST MEDIA,MEDIA REPORT 19TH AVE & MCDOWELL CLOSED IN BOTH DIRECTIONS DUE TO FLOODING. TWO CARS STUCK IN THE WATER.,33.47,-112.1,397788.4,3703934.3,reviewed
2018-10-02,2018-10-02-024,2018-10-02 18:05,2018-10-02 11:05,F,FLASH FLOOD,,5 NNW PARADISE VALLEY,MARICOPA,AZ,AZC013,Maricopa,PSR,BROADCAST MEDIA,NUMEROUS VEHICLES STRANDED ON TATUM BETWEEN SHEA AND CACTUS REQUIRING PEOPLE TO BE RESCUED.,33.59,-111.98,409064.9,3717127.8,reviewed
2018-10-02,2018-10-02-031,2018-10-02 21:35,2018-10-02 14:35,E,FLOOD,,5 NE GLENDALE,MARICOPA,AZ,AZC013,Maricopa,PSR,NEWSPAPER,**DELAYED REPORT** SINK HOLE AT THE INTERSECTION OF 35TH AVE/CACTUS. INTERSECTION CLOSED.,33.6,-112.13,395157.7,3718378.4,reviewed
2018-10-02,2018-10-02-033,2018-10-03 01:20,2018-10-02 18:20,F,FLASH FLOOD,,7 NW PARADISE VALLEY,MARICOPA,AZ,AZC013,Maricopa,PSR,TRAINED SPOTTER,WATER OVER THE CURBS ON CACTUS ROAD BETWEEN CAVE CREEK RD. AND 28TH ST.,33.6,-112.03,404436.2,3718281.6,reviewed
2018-10-02,2018-10-02-034,2018-10-03 01:25,2018-10-02 18:25,F,FLASH FLOOD,,6 ESE DEER VALLEY,MARICOPA,AZ,AZC013,Maricopa,PSR,TRAINED SPOTTER,CURB-TO-CURB STREET FLOODING.,33.64,-112.01,406335.2,3722698.4,reviewed
2018-10-02,2018-10-02-035,2018-10-03 01:30,2018-10-02 18:30,F,FLASH FLOOD,,7 W NORTH SCOTTSDALE,MARICOPA,AZ,AZC013,Maricopa,PSR,BROADCAST MEDIA,FLOODING ON SR 51 AT THUNDERBIRD RD. CLOSES 3 LANES.,33.61,-112.01,406302.7,3719372.1,reviewed
2021-07-22,2021-07-22-022,2021-07-23 05:14,2021-07-22 22:14,F,FLASH FLOOD,,4 S DEER VALLEY,MARICOPA,AZ,AZC013,Maricopa,PSR,DEPT OF HIGHWAYS,VEHICLE TRAPPED IN FLOOD WATER AT I17/THUNDERBIRD. PORTIONS OF THE ROAD AND HIGHWAY WERE CLOSED DUE TO FLOODING.,33.61,-112.12,396097.6,3719477.1,reviewed
2021-07-22,2021-07-22-023,2021-07-23 05:21,2021-07-22 22:21,F,FLASH FLOOD,,3 S DEER VALLEY,MARICOPA,AZ,AZC013,Maricopa,PSR,DEPT OF HIGHWAYS,ADOT REPORTED HIGHWAY RAMPS AT I17/GREENWAY WERE COMPLETELY UNDERWATER.,33.63,-112.12,396121.6,3721694.7,reviewed
2021-07-22,2021-07-22-032,2021-07-23 19:11,2021-07-23 12:11,F,FLASH FLOOD,,7 WNW PARADISE VALLEY,MARICOPA,AZ,AZC013,Maricopa,PSR,DEPT OF HIGHWAYS,ROAD CLOSURE DUE TO FLOODING ALONG E HATCHER RD. BETWEEN 11TH ST. AND 11TH PL.,33.57,-112.06,401618.6,3714983.3,reviewed
2021-07-22,2021-07-22-058,2021-07-25 18:37,2021-07-25 11:37,F,FLASH FLOOD,,2 ENE TOLLESON,MARICOPA,AZ,AZC013,Maricopa,PSR,BROADCAST MEDIA,SEVERAL LANES ON INTERSTATE 10 NEAR 75TH AVE AND 91ST AVE ARE FLOODED AND IMPASSABLE.,33.47,-112.22,386637.4,3704058.8,reviewed
2021-08-13,2021-08-13-012,2021-08-14 05:23,2021-08-13 22:23,F,FLASH FLOOD,,3 S DEER VALLEY,MARICOPA,AZ,AZC013,Maricopa,PSR,TRAINED SPOTTER,FLOODING ON INTERSTATE 17 AT GREENWAY.,33.63,-112.12,396121.6,3721694.7,reviewed
2021-08-13,2021-08-13-020,2021-08-14 05:55,2021-08-13 22:55,F,FLASH FLOOD,,4 NW PHOENIX,MARICOPA,AZ,AZC013,Maricopa,PSR,BROADCAST MEDIA,MULTIPLE CARS STALLED ON I-17 DUE TO STANDING WATER ON I-17 SOUTHBOUND BETWEEN INDIAN SCHOOL AND CAMELBACK.,33.5,-112.13,395036.8,3707290.5,reviewed
2021-08-13,2021-08-13-024,2021-08-14 06:08,2021-08-13 23:08,F,FLASH FLOOD,,4 NW PHOENIX,MARICOPA,AZ,AZC013,Maricopa,PSR,DEPT OF HIGHWAYS,ADOT REPORTS INTERSTATE 17 CLOSED AT INDIAN SCHOOL ROAD IN BOTH DIRECTIONS DUE TO FLOODING.,33.5,-112.11,396894.7,3707270.5,reviewed
2021-08-13,2021-08-13-025,2021-08-14 06:09,2021-08-13 23:09,F,FLASH FLOOD,,6 NW PARADISE VALLEY,MARICOPA,AZ,AZC013,Maricopa,PSR,MESONET,***DELAYED REPORT*** USGS GAUGE IN INDIAN BEND WASH EXCEEDED ACTION STAGE WITH A ~4 FOOT RISE IN 30 MINUTES_ CRESTING AT 3.95FT.,33.6,-112.0,407219.7,3718254.3,reviewed
2021-08-13,2021-08-13-026,2021-08-14 06:10,2021-08-13 23:10,F,FLASH FLOOD,,2 SW PHOENIX,MARICOPA,AZ,AZC013,Maricopa,PSR,DEPT OF HIGHWAYS,ADOT REPORTS INTERSTATE 17 CLOSED IN BOTH DIRECTIONS AT THE DURANGO CURVE DUE TO FLOODING.,33.43,-112.11,396811.8,3699509.1,reviewed
2021-08-13,2021-08-13-027,2021-08-14 06:10,2021-08-13 23:10,F,FLASH FLOOD,,2 WSW PHOENIX,MARICOPA,AZ,AZC013,Maricopa,PSR,BROADCAST MEDIA,I-17 IMPASSABLE AT DURANGO CURVE DUE TO STANDING WATER.,33.43,-112.11,396811.8,3699509.1,reviewed
2021-08-13,2021-08-13-031,2021-08-14 06:28,2021-08-13 23:28,F,FLASH FLOOD,,4 S DEER VALLEY,MARICOPA,AZ,AZC013,Maricopa,PSR,BROADCAST MEDIA,CAR STRANDED DUE TO 2-3 FEET OF STANDING WATER AT I-17 AND THUNDERBIRD UNDERPASS.,33.61,-112.12,396097.6,3719477.1,reviewed
2021-08-17,2021-08-17-040,2021-08-17 12:15,2021-08-17 05:15,F,FLASH FLOOD,,3 S DEER VALLEY,MARICOPA,AZ,AZC013,Maricopa,PSR,BROADCAST MEDIA,WATER HAS FILLED THE UNDERPASS OF I-17 AT GREENWAY RD AGAIN AS TYPICAL. AT LEAST ONE DRIVER STUCK.,33.63,-112.12,396121.6,3721694.7,reviewed
2021-08-17,2021-08-17-041,2021-08-17 13:30,2021-08-17 06:30,F,FLASH FLOOD,,4 NNE GLENDALE,MARICOPA,AZ,AZC013,Maricopa,PSR,MESONET,FCDMC STREAMGAUGE #11307 ACDC @ 43RD AVE. REACHED AND EXCEEDED ALARM STAGE RESULTING IN DOWNSTREAM IMPACTS AT PASEO PARK AT 57TH AVE. TIME ESTIMATED FROM WHEN GAUGE REACHED ALARM STAGE AND TIME TO TR,33.58,-112.15,393277.4,3716181.2,reviewed
2021-08-17,2021-08-17-042,2021-08-17 14:30,2021-08-17 07:30,F,FLASH FLOOD,,7 W PARADISE VALLEY,MARICOPA,AZ,AZC013,Maricopa,PSR,PUBLIC,VIDEO FROM SOCIAL MEDIA POST SHOWS WATER RAPIDLY FLOWING ACROSS 12TH ST. CLOSE TO THE TORRE BLANCA COMMUNITY MAKING 12TH ST. IMPASSIBLE.,33.55,-112.06,401595.9,3712765.8,reviewed
2021-08-17,2021-08-17-065,2021-08-18 20:23,2021-08-18 13:23,E,FLOOD,,5 W NORTH SCOTTSDALE,MARICOPA,AZ,AZC013,Maricopa,PSR,PUBLIC,STREET/ROAD FLOODING; STREET/ROAD CLOSED; VEHICLES STRANDED.,33.62,-111.98,409096.4,3720454.1,reviewed
2021-08-17,2021-08-17-066,2021-08-18 20:27,2021-08-18 13:27,F,FLASH FLOOD,,5 NNW PARADISE VALLEY,MARICOPA,AZ,AZC013,Maricopa,PSR,PUBLIC,STREET/ROAD FLOODING; STREET/ROAD CLOSED; VEHICLES STRANDED.,33.6,-111.98,409075.4,3718236.6,reviewed
2021-08-17,2021-08-17-067,2021-08-18 20:30,2021-08-18 13:30,F,FLASH FLOOD,,5 NNW PARADISE VALLEY,MARICOPA,AZ,AZC013,Maricopa,PSR,PUBLIC,REPORT FROM MPING: STREET/ROAD FLOODING; STREET/ROAD CLOSED; VEHICLES STRANDED.,33.6,-111.99,408147.6,3718245.4,reviewed
2021-08-17,2021-08-17-068,2021-08-18 20:34,2021-08-18 13:34,F,FLASH FLOOD,,4 NNW PARADISE VALLEY,MARICOPA,AZ,AZC013,Maricopa,PSR,COUNTY OFFICIAL,FCDMC STREAM GAUGE # 59507 EXCEEDED ALARM STAGE_ PEAKING AT 2031 CFS.,33.58,-111.97,409982.5,3716010.3,reviewed
2021-08-17,2021-08-17-084,2021-08-18 22:09,2021-08-18 15:09,F,FLASH FLOOD,,3 SSE DEER VALLEY,MARICOPA,AZ,AZC013,Maricopa,PSR,PUBLIC,MEDIA FOOTAGE SHOWS RUSHING WATER OVER 7TH AVE NEAR CORAL GABLES DR AT APPROX 3:30 PM. COUNTY FLOOD CONTROL GAUGE_ LOCATED JUST UP STREAM_ REACHED 1500 CFS AND 3.6 FEET AT 3:09 PM.,33.63,-112.08,399831.7,3721655.2,reviewed
2021-08-17,2021-08-17-093,2021-08-18 23:05,2021-08-18 16:05,F,FLASH FLOOD,,5 S DEER VALLEY,MARICOPA,AZ,AZC013,Maricopa,PSR,COUNTY OFFICIAL,FLOOD CONTROL DISTRICT OF MARICOPA COUNTY GAUGE #11807. REACHED ALARM STAGE @ 2305. PEAKED AT 1567 CFS/11.14 FT 2332.,33.6,-112.11,397013.4,3718358.3,reviewed
2021-08-17,2021-08-17-094,2021-08-18 23:30,2021-08-18 16:30,F,FLASH FLOOD,,3 SE DEER VALLEY,MARICOPA,AZ,AZC013,Maricopa,PSR,BROADCAST MEDIA,SIGNIFICANT FLOODING OF WASH IN MOON VALLEY.,33.63,-112.08,399831.7,3721655.2,reviewed
2022-07-30,2022-07-30-052,2022-07-31 01:29,2022-07-30 18:29,F,FLASH FLOOD,,5 W PARADISE VALLEY,MARICOPA,AZ,AZC013,Maricopa,PSR,PUBLIC,STREET/ROAD FLOODING; STREET/ROAD CLOSED; VEHICLES STRANDED.,33.52,-112.03,404348.0,3709411.4,reviewed
2022-07-30,2022-07-30-058,2022-07-31 01:41,2022-07-30 18:41,F,FLASH FLOOD,,5 SE DEER VALLEY,MARICOPA,AZ,AZC013,Maricopa,PSR,PUBLIC,WASH RUNNING 8 INCHES THROUGH BACKYARD INTO ROADWAY.,33.63,-112.05,402614.3,3721626.6,reviewed
2022-07-30,2022-07-30-060,2022-07-31 01:50,2022-07-30 18:50,F,FLASH FLOOD,,3 SE DEER VALLEY,MARICOPA,AZ,AZC013,Maricopa,PSR,BROADCAST MEDIA,***DELAYED REPORT*** UP TO 3 FEET OF WATER AND MUD ENTERED SOME FIRST FLOOR APARTMENTS AFTER A DRAINAGE SYSTEM WAS OVERCOME. SOME PARKED CARS WERE ALSO DAMAGED.,33.64,-112.07,400770.7,3722754.4,reviewed
2022-07-30,2022-07-30-062,2022-07-31 02:00,2022-07-30 19:00,F,FLASH FLOOD,,3 S DEER VALLEY,MARICOPA,AZ,AZC013,Maricopa,PSR,PUBLIC,***DELAYED REPORT*** VIDEO OF SIX CARS STALLED IN COLLECTED FLOODWATER AT THE I-17 AND GREENWAY RD UNDERPASS.,33.63,-112.12,396121.6,3721694.7,reviewed
2022-07-30,2022-07-30-064,2022-07-31 02:00,2022-07-30 19:00,F,FLASH FLOOD,,4 E DEER VALLEY,MARICOPA,AZ,AZC013,Maricopa,PSR,PUBLIC,***DELAYED REPORT*** VIDEO OF 6-8 INCHES OF WATER FLOWING SOUTH DOWN 16TH STREET NEXT TO BUFFALO RIDGE PARK.,33.66,-112.05,402648.0,3724952.9,reviewed
2022-07-30,2022-07-30-070,2022-07-31 03:50,2022-07-30 20:50,F,FLASH FLOOD,,3 SSE DEER VALLEY,MARICOPA,AZ,AZC013,Maricopa,PSR,LAW ENFORCEMENT,SWIFT WATER RESCUE AFTER AN SUV STALLED IN FLOODWATERS ACROSS 7TH AVE.,33.63,-112.08,399831.7,3721655.2,reviewed
2022-07-30,2022-07-30-071,2022-07-31 04:35,2022-07-30 21:35,F,FLASH FLOOD,,3 SE DEER VALLEY,MARICOPA,AZ,AZC013,Maricopa,PSR,BROADCAST MEDIA,***DELAYED REPORT*** PEOPLE STRANDED ON CARS DURING A FLOOD.,33.63,-112.08,399831.7,3721655.2,reviewed
2022-08-04,2022-08-04-001,2022-08-04 12:04,2022-08-04 05:04,F,FLASH FLOOD,,3 S DEER VALLEY,MARICOPA,AZ,AZC013,Maricopa,PSR,DEPT OF HIGHWAYS,***DELAYED REPORT*** ADOT CAMERAS SHOW UNDERPASSES FLOODED ALONG I-17 AT GREENWAY AND THUNDERBIRD ROADS.,33.63,-112.12,396121.6,3721694.7,reviewed
2022-08-04,2022-08-04-003,2022-08-04 12:15,2022-08-04 05:15,F,FLASH FLOOD,,7 W PARADISE VALLEY,MARICOPA,AZ,AZC013,Maricopa,PSR,PUBLIC,***DELAYED REPORT*** MULTIPLE VIDEOS AND PICTURES ON SOCIAL MEDIA SHOWED A WASH FLOWING ACROSS UNBRIDGED CROSSINGS NEAR 12TH ST AND KALER DR AS WELL AS 14TH ST AND DESERT PARK LN.,33.55,-112.06,401595.9,3712765.8,reviewed
2022-08-04,2022-08-04-004,2022-08-04 12:30,2022-08-04 05:30,F,FLASH FLOOD,,4 NW PHOENIX,MARICOPA,AZ,AZC013,Maricopa,PSR,PUBLIC,***DELAYED REPORT*** I-17 SB UNDER ABOUT A FOOT OF WATER. LAW ENFORCEMENT HAD TO PUSH STALLED VEHICLES OUT.,33.5,-112.11,396894.7,3707270.5,reviewed
2022-08-04,2022-08-04-005,2022-08-04 13:00,2022-08-04 06:00,F,FLASH FLOOD,,3 SSE DEER VALLEY,MARICOPA,AZ,AZC013,Maricopa,PSR,COUNTY OFFICIAL,***DELAYED REPORT*** FCDMC STREAMFLOW GAGE #8507 ROSE ABOVE ALARM STAGE_ IMPACTING DOWNSTREAM LOW WATER CROSSINGS. THE GAGE PEAKED AT 2.15 FT AND 473 CFS.,33.63,-112.08,399831.7,3721655.2,reviewed
